id,firstname,lastname,country,birthdate,balance
0,Jennica,Tyson,Germany,1982-10-30,531197
1,Priscilla,Shields,Germany,1988-05-14,3557355
2,Sonni,Dash,Croatia,1998-01-18,3975749
3,Donnie,Jehu,Hungary,1976-07-28,3823006
4,Chandra,Shaddock,Germany,1990-10-21,5963951
5,Leia,Nance,Austria,1973-10-18,1533729
6,Ernesta,Seligman,Germany,1973-04-01,78335
7,Mallory,Dituri,Croatia,1989-01-25,4185946
8,Eugine,Lissi,Austria,1983-06-09,4603386
9,Lynea,Florina,Hungary,1987-09-13,3718206
10,Marguerite,Fontana,Germany,1980-06-27,1309687
11,Ruthe,Autrey,Austria,1978-03-16,2580022
12,Carly,Mandler,Austria,1993-08-14,4295811
13,Dione,Ailyn,Germany,1972-10-29,2936624
14,Addia,Stoller,Hungary,1994-04-28,117303
15,Kary,Jehu,Austria,1990-07-10,2479377
16,Liana,Vary,Austria,1985-10-21,1736305
17,Caryl,Rooney,Germany,1999-09-16,4745136
18,Oralee,Taima,Germany,1970-03-04,1788936
19,Kary,Armanda,Hungary,1988-06-23,4923608
20,Evita,Leler,Austria,2000-12-01,4687310
21,Rhea,Kravits,Croatia,1979-10-28,1371157
22,Angelique,Kalinda,Germany,1977-06-24,4937037
23,Maisey,Forrer,Hungary,1998-07-11,1992862
24,Gloria,Harday,Austria,1974-07-21,2474937
25,Robinia,Ochs,Germany,1986-03-16,1851528
26,Alyssa,Lorenz,Hungary,1972-09-12,5696558
27,Jsandye,Klotz,Croatia,1998-05-24,1826655
28,Kore,Melleta,Croatia,1973-04-02,1552346
29,Agathe,Bonucci,Hungary,1994-07-24,2840520
30,Damaris,Nedrud,Austria,1991-08-21,4875121
31,Yolane,Gavrila,Hungary,1971-10-11,158663
32,Alexine,Auberbach,Croatia,1990-12-24,2870939
33,Britte,Bultman,Croatia,1985-02-13,170482
34,Lonnie,Arathorn,Croatia,2001-04-21,3642322
35,Lynnea,Gaulin,Germany,1980-03-06,5483217
36,Halette,Berriman,Hungary,1987-04-14,735811
37,Lucy,Eliathas,Germany,1977-11-09,3028528
38,Kelly,Haerr,Germany,1971-03-13,3216721
39,Josephine,Brenn,Germany,1994-11-25,4463280
40,Keelia,Blake,Hungary,2001-04-27,2313666
41,Merci,Anis,Hungary,1973-09-16,5350202
42,Mariann,Andrel,Austria,1984-08-03,980011
43,Madalyn,Tippets,Austria,1987-01-30,3103859
44,Joelly,Robertson,Hungary,1996-09-27,2114825
45,Charlena,Vivle,Croatia,1975-09-20,4268726
46,Donetta,Kravits,Austria,1992-01-16,589868
47,Sherrie,Bryna,Austria,1978-01-21,1796366
48,Jemie,Bevin,Germany,1989-06-26,2225118
49,Marjie,Soneson,Croatia,1975-10-03,3005162
50,Kristan,Neva,Croatia,1976-01-29,5412614
51,Merrie,Kannry,Croatia,1974-04-09,5696528
52,Viki,Seumas,Croatia,1972-02-18,5489349
53,Addia,Etom,Hungary,1976-09-17,5012157
54,Gusty,Timon,Hungary,1972-05-18,5237689
55,Binny,Syd,Croatia,1975-05-24,2058259
56,Kayla,Rugen,Austria,1970-10-05,3687370
57,Doralynne,Harday,Croatia,1970-12-02,5481901
58,Debee,Hillel,Hungary,1985-06-27,3137310
59,Benita,Chapland,Germany,1971-03-17,1237008
60,Ashlee,Tamsky,Germany,1988-04-22,1277197
61,Cristine,Pacorro,Austria,2000-05-30,4444975
62,Quintina,Louanna,Austria,1986-08-16,4548051
63,Elie,Levey,Croatia,1981-07-27,3709504
64,Sharai,Goldina,Germany,1984-12-01,2277960
65,Henriette,Durware,Germany,1991-07-09,4748674
66,Clary,Pond,Hungary,1986-09-05,1318385
67,Wendi,Sundin,Croatia,1999-11-20,256909
68,Lanna,Socha,Hungary,1993-12-01,4632446
69,Lanna,Boehike,Germany,1984-03-08,2629130
70,Maryellen,Cavan,Croatia,1979-01-24,846050
71,Belva,Tarrant,Austria,1975-09-18,2832279
72,Briney,Sundin,Hungary,1990-03-17,4619166
73,Roxane,Honoria,Croatia,1994-04-10,2509197
74,Xylina,Briney,Germany,1997-04-11,3903829
75,Raquela,Vale,Hungary,1987-08-06,3963226
76,Laure,Wu,Austria,1982-03-11,1222959
77,Kristina,Havens,Croatia,1998-04-22,1278105
78,Cassondra,Kauppi,Germany,1995-02-17,2703705
79,Nataline,Whiffen,Germany,1988-09-08,4680299
80,Thalia,Lalitta,Hungary,1986-09-29,650348
81,Lulita,Elbertina,Hungary,1999-02-24,5752843
82,Gabriellia,Dash,Austria,1994-07-06,951928
83,Merrie,Chinua,Croatia,1999-08-16,5910330
84,Magdalena,Skell,Croatia,1982-12-01,1229843
85,Oralee,Ariella,Croatia,2001-02-21,1948124
86,Gretal,Gaspard,Germany,1990-03-27,4191029
87,Jany,Sparhawk,Hungary,1990-09-10,5408124
88,Agnese,Dituri,Hungary,1989-03-07,3363535
89,Grier,Linehan,Germany,1997-09-24,1854839
90,Reeba,Euridice,Austria,1991-12-08,656014
91,Paule,Kenney,Croatia,1978-12-30,3249401
92,Renie,Goddard,Austria,1971-09-26,131390
93,Lorne,Kesley,Croatia,1976-01-15,32274
94,Sheelagh,Gabrielli,Austria,1975-04-30,1386259
95,Trixi,Celestine,Austria,1972-03-13,4339140
96,Shell,Friede,Germany,1995-03-21,3608081
97,Tera,Stover,Croatia,1975-11-25,1405323
98,Glenda,Kalinda,Germany,1997-11-01,5586414
99,Joane,Holtz,Austria,1999-02-01,245626
100,Darci,Voletta,Croatia,1999-02-27,2731896
101,Elena,Daveta,Hungary,2000-07-03,3775190
102,Karly,Carbo,Germany,1970-12-29,2264758
103,Sue,Solitta,Hungary,1991-03-22,2413141
104,Laure,Aloise,Hungary,1977-02-16,551428
105,Shandie,Obed,Hungary,1976-11-21,1853300
106,Rosanne,Thomasina,Germany,1992-12-04,3629211
107,Meriel,Flita,Germany,1995-10-23,5352298
108,Donnie,Amasa,Germany,1995-01-21,936589
109,Alyssa,Liva,Austria,1996-12-23,1913824
110,Ericka,Grayce,Croatia,1995-03-28,4207074
111,Josephine,Justinn,Hungary,1972-05-31,4673994
112,Sybille,Lanita,Germany,2001-01-13,2546062
113,Hannis,Taima,Hungary,1993-10-28,404257
114,Randa,Bultman,Germany,1970-09-07,1412081
115,Jany,McGrody,Germany,1997-09-06,5887553
116,Kayla,Freddi,Hungary,1972-01-07,4183229
117,Melisent,Tatianas,Croatia,1991-02-05,3200126
118,Cissiee,Gilmour,Croatia,1983-03-13,2151002
119,Beverley,Pascia,Germany,1980-01-19,4919544
120,Carmela,Erb,Germany,2000-12-19,2034059
121,Deedee,Shanley,Hungary,1979-08-20,5811066
122,Lulita,Lilas,Croatia,1998-04-14,2513860
123,Corene,Ackerley,Hungary,1993-10-20,5690733
124,Alexine,Millda,Croatia,1985-07-10,1858501
125,Fanchon,Kendrick,Germany,1990-08-03,2337061
126,Brynna,Sothena,Hungary,1975-01-26,1607384
127,Alexine,Shanley,Hungary,1995-09-23,1292881
128,Deedee,Gaspard,Hungary,1996-06-22,4361718
129,Queenie,Kolnick,Germany,1983-06-09,317867
130,Viviene,Philipp,Croatia,1984-07-11,2017948
131,Frances,Trey,Germany,1977-09-17,1006344
132,Helena,O'Carroll,Austria,1996-01-19,3282170
133,Darci,Ariella,Austria,1974-03-26,4576281
134,Evaleen,Means,Austria,1984-07-11,4165631
135,Emma,Neva,Austria,2001-07-16,1914334
136,Consuela,Engdahl,Hungary,1982-07-05,3162006
137,Mureil,Amand,Croatia,1991-07-17,3911113
138,Vonny,Greyson,Austria,1991-03-22,3741644
139,Mariann,Tomasina,Hungary,1972-05-19,5649886
140,Pamella,Nadia,Hungary,1986-06-10,4357017
141,Ira,Hermes,Germany,1997-10-26,4409225
142,Mariele,Nester,Hungary,1988-08-29,252667
143,Gertrud,Eno,Austria,1996-12-26,2667356
144,Correy,Lewes,Austria,1995-05-18,1661204
145,Lanae,Dituri,Germany,1988-03-04,2481331
146,Evaleen,Ovid,Croatia,1982-02-21,3924103
147,Anica,Roxanna,Austria,1980-02-13,5731969
148,Genovera,Hieronymus,Croatia,1994-07-19,3137965
149,Grier,Cristi,Austria,1983-09-15,4668539
150,Meg,Jacinda,Hungary,1981-02-21,5835134
151,Linzy,Girardo,Croatia,1978-08-04,4975882
152,Krystle,Georas,Austria,1982-06-15,4411985
153,Kore,Clara,Germany,1997-06-03,5635165
154,Bill,Read,Hungary,1978-04-15,168718
155,Lorie,Damarra,Germany,1999-01-13,5498702
156,Micheline,Cyrie,Austria,1973-05-20,3135180
157,Gwenneth,Lewes,Austria,1997-09-01,32787
158,Consuela,Mauer,Hungary,1997-07-12,4172695
159,Katuscha,Paine,Germany,1995-09-30,2232402
160,Margette,Rogerio,Germany,1980-07-04,5674576
161,Ginnie,Dunkin,Croatia,1971-08-07,3277495
162,Ana,O'Neill,Germany,1976-01-22,4719724
163,Brana,Etom,Germany,1986-06-19,3995009
164,Emelina,Nore,Germany,1991-02-07,923447
165,Adriana,Eckblad,Hungary,1982-07-12,4731010
166,Ursulina,Barney,Germany,2001-01-23,4337445
167,Imojean,Ade,Austria,1977-03-25,3774375
168,Jacenta,Noam,Hungary,1975-06-27,1081397
169,Louella,Euridice,Hungary,1998-09-14,3685969
170,Ada,Newell,Austria,1989-12-15,203152
171,Dianemarie,Rolf,Austria,1998-11-18,5275348
172,Melodie,Stuart,Croatia,1981-08-25,3239894
173,Nanete,Mallon,Germany,1994-12-09,587776
174,Gwenneth,Kevon,Austria,1985-07-07,136946
175,Sissy,Leary,Croatia,1979-08-17,909080
176,Meg,Keily,Germany,1970-02-11,44477
177,Myriam,Toor,Germany,1996-04-24,5795914
178,Feliza,Charmine,Croatia,1986-02-26,3105684
179,Janis,Rocray,Austria,1974-12-10,5681013
180,Devina,Gaal,Germany,1987-01-03,5793550
181,Jany,Vastah,Hungary,1999-04-04,1547350
182,Darlleen,Claudine,Germany,1986-04-12,1605456
183,Barbara,Paton,Austria,1990-12-30,488120
184,Karolina,Palocz,Hungary,1998-06-16,3465149
185,Meriel,Bearnard,Croatia,1996-10-27,774604
186,Ofilia,Libna,Germany,1972-04-20,2947026
187,Daune,Virgin,Hungary,1971-09-27,2111283
188,Anestassia,Daveta,Croatia,1981-02-13,2173239
189,Leona,Wallis,Germany,1972-12-23,1638728
190,Genevra,Miru,Germany,1984-09-14,5195005
191,Alia,Monaco,Hungary,1973-08-18,1444348
192,Jerry,Burnside,Austria,1990-08-11,4808902
193,Louella,Orpah,Croatia,1981-11-02,4216119
194,Pierette,Luhe,Austria,1999-10-13,5282362
195,Lila,Hirsch,Hungary,1987-09-22,4073561
196,Tori,Robertson,Germany,1990-02-22,425839
197,Hettie,Lay,Germany,1991-05-04,4408463
198,Mara,Malanie,Austria,1970-11-06,612542
199,Kelly,Holtz,Hungary,1999-01-09,1211906